full_name,inicio,fim,total_count,status
cypress-io/github-action,2026-09-01,2026-09-30,1050,subdividido
yhan-sun/p2wlan,2026-09-01,2026-09-30,1182,subdividido
oshi/oshi,2026-07-01,2026-07-31,1045,subdividido
oshi/oshi,2026-08-01,2026-08-31,1418,subdividido
TableProApp/TablePro,2026-09-01,2026-09-30,1662,subdividido
superdoc/docx-editor,2026-04-01,2026-04-30,1283,subdividido
superdoc/docx-editor,2026-05-01,2026-05-31,1881,subdividido
superdoc/docx-editor,2026-05-01,2026-05-16,1061,subdividido
superdoc/docx-editor,2026-06-01,2026-06-30,1079,subdividido
jdx/hk,2026-09-01,2026-09-30,1200,subdividido
